Key,Value
15058300fd60008d354ed0fa02c65671,"('1.zip', 'img/1.png')('11 (1).zip', 'img/1.png')('11 (2).zip', 'img/1.png')('11111.zip', 'img/1.png')('12.zip', 'img/1.png')('13.zip', 'img/1.png')('14.zip', 'img/1.png')('15.zip', 'img/1.png')('16.zip', 'img/1.png')('17.zip', 'img/1.png')('18.zip', 'img/1.png')('19.zip', 'img/1.png')('2.zip', 'img/1.png')('20.zip', 'img/1.png')('3.zip', 'img/1.png')('4.zip', 'img/1.png')('5.zip', 'img/1.png')('6.zip', 'img/1.png')('7.zip', 'img/1.png')('8.zip', 'img/1.png')('9.zip', 'img/1.png')('py小队.zip', 'img/1.png')('writeup提交模板.zip', 'img/1.png')"
6469939359a4808c510dfbcc03328594,"('1.zip', 'img/2.png')('11 (1).zip', 'img/2.png')('11 (2).zip', 'img/2.png')('11111.zip', 'img/2.png')('12.zip', 'img/2.png')('13.zip', 'img/2.png')('14.zip', 'img/2.png')('15.zip', 'img/2.png')('16.zip', 'img/2.png')('17.zip', 'img/2.png')('18.zip', 'img/2.png')('19.zip', 'img/2.png')('2.zip', 'img/2.png')('20.zip', 'img/2.png')('3.zip', 'img/2.png')('4.zip', 'img/2.png')('5.zip', 'img/2.png')('6.zip', 'img/2.png')('7.zip', 'img/2.png')('8.zip', 'img/2.png')('9.zip', 'img/2.png')('py小队.zip', 'img/2.png')('writeup提交模板.zip', 'img/2.png')"
5aba70705d905a53f6dff243e78b36ec,"('1.zip', 'img/20231010141004.png')('11 (1).zip', 'img/20231010141004.png')('11 (2).zip', 'img/20231010141004.png')('11111.zip', 'img/20231010141004.png')('12.zip', 'img/20231010141004.png')('13.zip', 'img/20231010141004.png')('14.zip', 'img/20231010141004.png')('15.zip', 'img/20231010141004.png')('16.zip', 'img/20231010141004.png')('17.zip', 'img/20231010141004.png')('18.zip', 'img/20231010141004.png')('19.zip', 'img/20231010141004.png')('2.zip', 'img/20231010141004.png')('20.zip', 'img/20231010141004.png')('3.zip', 'img/20231010141004.png')('4.zip', 'img/20231010141004.png')('5.zip', 'img/20231010141004.png')('6.zip', 'img/20231010141004.png')('7.zip', 'img/20231010141004.png')('8.zip', 'img/20231010141004.png')('9.zip', 'img/20231010141004.png')('py小队.zip', 'img/20231010141004.png')('writeup提交模板.zip', 'img/20231010141004.png')('来自东方神秘力量-writeup.zip', 'img/20231010141004.png')('签个到就跑-writeup.zip', 'img/20231010141004.png')"
f59d1165757a9347d394e4be6807c388,"('1.zip', 'img/20231010141040-1.png')('1.zip', 'img/20231010141040.png')('11 (1).zip', 'img/20231010141040-1.png')('11 (1).zip', 'img/20231010141040.png')('11 (2).zip', 'img/20231010141040-1.png')('11 (2).zip', 'img/20231010141040.png')('11111.zip', 'img/20231010141040-1.png')('11111.zip', 'img/20231010141040.png')('12.zip', 'img/20231010141040-1.png')('12.zip', 'img/20231010141040.png')('13.zip', 'img/20231010141040-1.png')('13.zip', 'img/20231010141040.png')('14.zip', 'img/20231010141040-1.png')('14.zip', 'img/20231010141040.png')('15.zip', 'img/20231010141040-1.png')('15.zip', 'img/20231010141040.png')('16.zip', 'img/20231010141040-1.png')('16.zip', 'img/20231010141040.png')('17.zip', 'img/20231010141040-1.png')('17.zip', 'img/20231010141040.png')('18.zip', 'img/20231010141040-1.png')('18.zip', 'img/20231010141040.png')('19.zip', 'img/20231010141040-1.png')('19.zip', 'img/20231010141040.png')('2.zip', 'img/20231010141040-1.png')('2.zip', 'img/20231010141040.png')('20.zip', 'img/20231010141040-1.png')('20.zip', 'img/20231010141040.png')('3.zip', 'img/20231010141040-1.png')('3.zip', 'img/20231010141040.png')('4.zip', 'img/20231010141040-1.png')('4.zip', 'img/20231010141040.png')('5.zip', 'img/20231010141040-1.png')('5.zip', 'img/20231010141040.png')('6.zip', 'img/20231010141040-1.png')('6.zip', 'img/20231010141040.png')('7.zip', 'img/20231010141040-1.png')('7.zip', 'img/20231010141040.png')('8.zip', 'img/20231010141040-1.png')('8.zip', 'img/20231010141040.png')('9.zip', 'img/20231010141040-1.png')('9.zip', 'img/20231010141040.png')('py小队.zip', 'img/20231010141040-1.png')('py小队.zip', 'img/20231010141040.png')('writeup提交模板.zip', 'img/20231010141040-1.png')('writeup提交模板.zip', 'img/20231010141040.png')('来自东方神秘力量-writeup.zip', 'img/20231010141040-1.png')('来自东方神秘力量-writeup.zip', 'img/20231010141040.png')('签个到就跑-writeup.zip', 'img/20231010141040-1.png')('签个到就跑-writeup.zip', 'img/20231010141040.png')"
b3c9b1a2d4adece6a040c1337b96676b,"('1.zip', 'img/3.png')('11 (1).zip', 'img/3.png')('11 (2).zip', 'img/3.png')('11111.zip', 'img/3.png')('12.zip', 'img/3.png')('13.zip', 'img/3.png')('14.zip', 'img/3.png')('15.zip', 'img/3.png')('16.zip', 'img/3.png')('17.zip', 'img/3.png')('18.zip', 'img/3.png')('19.zip', 'img/3.png')('2.zip', 'img/3.png')('20.zip', 'img/3.png')('3.zip', 'img/3.png')('4.zip', 'img/3.png')('5.zip', 'img/3.png')('6.zip', 'img/3.png')('7.zip', 'img/3.png')('8.zip', 'img/3.png')('9.zip', 'img/3.png')('py小队.zip', 'img/3.png')('writeup提交模板.zip', 'img/3.png')"
5edecf2fb26cce386d2c71e3f99f186e,"('1.zip', 'img/4.png')('11 (1).zip', 'img/4.png')('11 (2).zip', 'img/4.png')('11111.zip', 'img/4.png')('12.zip', 'img/4.png')('13.zip', 'img/4.png')('14.zip', 'img/4.png')('15.zip', 'img/4.png')('16.zip', 'img/4.png')('17.zip', 'img/4.png')('18.zip', 'img/4.png')('19.zip', 'img/4.png')('2.zip', 'img/4.png')('20.zip', 'img/4.png')('3.zip', 'img/4.png')('4.zip', 'img/4.png')('5.zip', 'img/4.png')('6.zip', 'img/4.png')('7.zip', 'img/4.png')('8.zip', 'img/4.png')('9.zip', 'img/4.png')('py小队.zip', 'img/4.png')('writeup提交模板.zip', 'img/4.png')"
abebb2bdb73cb501001f62ca31c0e16b,"('1.zip', 'img/5.png')('11 (1).zip', 'img/5.png')('11 (2).zip', 'img/5.png')('11111.zip', 'img/5.png')('12.zip', 'img/5.png')('13.zip', 'img/5.png')('14.zip', 'img/5.png')('15.zip', 'img/5.png')('16.zip', 'img/5.png')('17.zip', 'img/5.png')('18.zip', 'img/5.png')('19.zip', 'img/5.png')('2.zip', 'img/5.png')('20.zip', 'img/5.png')('3.zip', 'img/5.png')('4.zip', 'img/5.png')('5.zip', 'img/5.png')('6.zip', 'img/5.png')('7.zip', 'img/5.png')('8.zip', 'img/5.png')('9.zip', 'img/5.png')('py小队.zip', 'img/5.png')('writeup提交模板.zip', 'img/5.png')"
97520607061ea43124d558df28b3a8b0,"('1.zip', 'img/6.png')('11 (1).zip', 'img/6.png')('11 (2).zip', 'img/6.png')('11111.zip', 'img/6.png')('12.zip', 'img/6.png')('13.zip', 'img/6.png')('14.zip', 'img/6.png')('15.zip', 'img/6.png')('16.zip', 'img/6.png')('17.zip', 'img/6.png')('18.zip', 'img/6.png')('19.zip', 'img/6.png')('2.zip', 'img/6.png')('20.zip', 'img/6.png')('3.zip', 'img/6.png')('4.zip', 'img/6.png')('5.zip', 'img/6.png')('6.zip', 'img/6.png')('7.zip', 'img/6.png')('8.zip', 'img/6.png')('9.zip', 'img/6.png')('py小队.zip', 'img/6.png')('writeup提交模板.zip', 'img/6.png')"
f45af4972d99d6dfead4d3292c17260d,"('1.zip', 'img/image-20231008201907308.png')('11 (1).zip', 'img/image-20231008201907308.png')('11 (2).zip', 'img/image-20231008201907308.png')('11111.zip', 'img/image-20231008201907308.png')('12.zip', 'img/image-20231008201907308.png')('13.zip', 'img/image-20231008201907308.png')('14.zip', 'img/image-20231008201907308.png')('15.zip', 'img/image-20231008201907308.png')('16.zip', 'img/image-20231008201907308.png')('17.zip', 'img/image-20231008201907308.png')('18.zip', 'img/image-20231008201907308.png')('19.zip', 'img/image-20231008201907308.png')('2.zip', 'img/image-20231008201907308.png')('20.zip', 'img/image-20231008201907308.png')('3.zip', 'img/image-20231008201907308.png')('4.zip', 'img/image-20231008201907308.png')('5.zip', 'img/image-20231008201907308.png')('6.zip', 'img/image-20231008201907308.png')('7.zip', 'img/image-20231008201907308.png')('8.zip', 'img/image-20231008201907308.png')('9.zip', 'img/image-20231008201907308.png')('py小队.zip', 'img/image-20231008201907308.png')('writeup提交模板.zip', 'img/image-20231008201907308.png')"
fb99c6947139c16c6acf8cde95580e79,"('1.zip', 'img/image-20231008202103986.png')('11 (1).zip', 'img/image-20231008202103986.png')('11 (2).zip', 'img/image-20231008202103986.png')('11111.zip', 'img/image-20231008202103986.png')('12.zip', 'img/image-20231008202103986.png')('13.zip', 'img/image-20231008202103986.png')('14.zip', 'img/image-20231008202103986.png')('15.zip', 'img/image-20231008202103986.png')('16.zip', 'img/image-20231008202103986.png')('17.zip', 'img/image-20231008202103986.png')('18.zip', 'img/image-20231008202103986.png')('19.zip', 'img/image-20231008202103986.png')('2.zip', 'img/image-20231008202103986.png')('20.zip', 'img/image-20231008202103986.png')('3.zip', 'img/image-20231008202103986.png')('4.zip', 'img/image-20231008202103986.png')('5.zip', 'img/image-20231008202103986.png')('6.zip', 'img/image-20231008202103986.png')('7.zip', 'img/image-20231008202103986.png')('8.zip', 'img/image-20231008202103986.png')('9.zip', 'img/image-20231008202103986.png')('py小队.zip', 'img/image-20231008202103986.png')('writeup提交模板.zip', 'img/image-20231008202103986.png')"
9b68964410964fdffc613d37fd458f35,"('1.zip', 'img/image-20231009220751577.png')('11 (1).zip', 'img/image-20231009220751577.png')('11 (2).zip', 'img/image-20231009220751577.png')('11111.zip', 'img/image-20231009220751577.png')('12.zip', 'img/image-20231009220751577.png')('13.zip', 'img/image-20231009220751577.png')('14.zip', 'img/image-20231009220751577.png')('15.zip', 'img/image-20231009220751577.png')('16.zip', 'img/image-20231009220751577.png')('17.zip', 'img/image-20231009220751577.png')('18.zip', 'img/image-20231009220751577.png')('19.zip', 'img/image-20231009220751577.png')('2.zip', 'img/image-20231009220751577.png')('20.zip', 'img/image-20231009220751577.png')('3.zip', 'img/image-20231009220751577.png')('4.zip', 'img/image-20231009220751577.png')('5.zip', 'img/image-20231009220751577.png')('6.zip', 'img/image-20231009220751577.png')('7.zip', 'img/image-20231009220751577.png')('8.zip', 'img/image-20231009220751577.png')('9.zip', 'img/image-20231009220751577.png')('py小队.zip', 'img/image-20231009220751577.png')('writeup提交模板.zip', 'img/image-20231009220751577.png')"
65cd6f982c291a9ab79bd4c9d7560116,"('1.zip', 'img/image-20231009220834736.png')('11 (1).zip', 'img/image-20231009220834736.png')('11 (2).zip', 'img/image-20231009220834736.png')('11111.zip', 'img/image-20231009220834736.png')('12.zip', 'img/image-20231009220834736.png')('13.zip', 'img/image-20231009220834736.png')('14.zip', 'img/image-20231009220834736.png')('15.zip', 'img/image-20231009220834736.png')('16.zip', 'img/image-20231009220834736.png')('17.zip', 'img/image-20231009220834736.png')('18.zip', 'img/image-20231009220834736.png')('19.zip', 'img/image-20231009220834736.png')('2.zip', 'img/image-20231009220834736.png')('20.zip', 'img/image-20231009220834736.png')('3.zip', 'img/image-20231009220834736.png')('4.zip', 'img/image-20231009220834736.png')('5.zip', 'img/image-20231009220834736.png')('6.zip', 'img/image-20231009220834736.png')('7.zip', 'img/image-20231009220834736.png')('8.zip', 'img/image-20231009220834736.png')('9.zip', 'img/image-20231009220834736.png')('py小队.zip', 'img/image-20231009220834736.png')('writeup提交模板.zip', 'img/image-20231009220834736.png')"
92af18bdfb960a8208a18da986502d32,"('1.zip', 'img/image-20231009221236168.png')('11 (1).zip', 'img/image-20231009221236168.png')('11 (2).zip', 'img/image-20231009221236168.png')('11111.zip', 'img/image-20231009221236168.png')('12.zip', 'img/image-20231009221236168.png')('13.zip', 'img/image-20231009221236168.png')('14.zip', 'img/image-20231009221236168.png')('15.zip', 'img/image-20231009221236168.png')('16.zip', 'img/image-20231009221236168.png')('17.zip', 'img/image-20231009221236168.png')('18.zip', 'img/image-20231009221236168.png')('19.zip', 'img/image-20231009221236168.png')('2.zip', 'img/image-20231009221236168.png')('20.zip', 'img/image-20231009221236168.png')('3.zip', 'img/image-20231009221236168.png')('4.zip', 'img/image-20231009221236168.png')('5.zip', 'img/image-20231009221236168.png')('6.zip', 'img/image-20231009221236168.png')('7.zip', 'img/image-20231009221236168.png')('8.zip', 'img/image-20231009221236168.png')('9.zip', 'img/image-20231009221236168.png')('py小队.zip', 'img/image-20231009221236168.png')('writeup提交模板.zip', 'img/image-20231009221236168.png')"
12f343bb721186094ccedd5c3d1fb52e,"('1.zip', 'img/image-20231009221812428.png')('11 (1).zip', 'img/image-20231009221812428.png')('11 (2).zip', 'img/image-20231009221812428.png')('11111.zip', 'img/image-20231009221812428.png')('12.zip', 'img/image-20231009221812428.png')('13.zip', 'img/image-20231009221812428.png')('14.zip', 'img/image-20231009221812428.png')('15.zip', 'img/image-20231009221812428.png')('16.zip', 'img/image-20231009221812428.png')('17.zip', 'img/image-20231009221812428.png')('18.zip', 'img/image-20231009221812428.png')('19.zip', 'img/image-20231009221812428.png')('2.zip', 'img/image-20231009221812428.png')('20.zip', 'img/image-20231009221812428.png')('3.zip', 'img/image-20231009221812428.png')('4.zip', 'img/image-20231009221812428.png')('5.zip', 'img/image-20231009221812428.png')('6.zip', 'img/image-20231009221812428.png')('7.zip', 'img/image-20231009221812428.png')('8.zip', 'img/image-20231009221812428.png')('9.zip', 'img/image-20231009221812428.png')('py小队.zip', 'img/image-20231009221812428.png')('writeup提交模板.zip', 'img/image-20231009221812428.png')"
af0f84b32debb2fb2fde6f5a1762aa58,"('1.zip', 'img/image-20231009222353614.png')('11 (1).zip', 'img/image-20231009222353614.png')('11 (2).zip', 'img/image-20231009222353614.png')('11111.zip', 'img/image-20231009222353614.png')('12.zip', 'img/image-20231009222353614.png')('13.zip', 'img/image-20231009222353614.png')('14.zip', 'img/image-20231009222353614.png')('15.zip', 'img/image-20231009222353614.png')('16.zip', 'img/image-20231009222353614.png')('17.zip', 'img/image-20231009222353614.png')('18.zip', 'img/image-20231009222353614.png')('19.zip', 'img/image-20231009222353614.png')('2.zip', 'img/image-20231009222353614.png')('20.zip', 'img/image-20231009222353614.png')('3.zip', 'img/image-20231009222353614.png')('4.zip', 'img/image-20231009222353614.png')('5.zip', 'img/image-20231009222353614.png')('6.zip', 'img/image-20231009222353614.png')('7.zip', 'img/image-20231009222353614.png')('8.zip', 'img/image-20231009222353614.png')('9.zip', 'img/image-20231009222353614.png')('py小队.zip', 'img/image-20231009222353614.png')('writeup提交模板.zip', 'img/image-20231009222353614.png')"
4d8e46fda226313912ac576ee50f3a9e,"('1.zip', 'img/image-20231009222829868.png')('11 (1).zip', 'img/image-20231009222829868.png')('11 (2).zip', 'img/image-20231009222829868.png')('11111.zip', 'img/image-20231009222829868.png')('12.zip', 'img/image-20231009222829868.png')('13.zip', 'img/image-20231009222829868.png')('14.zip', 'img/image-20231009222829868.png')('15.zip', 'img/image-20231009222829868.png')('16.zip', 'img/image-20231009222829868.png')('17.zip', 'img/image-20231009222829868.png')('18.zip', 'img/image-20231009222829868.png')('19.zip', 'img/image-20231009222829868.png')('2.zip', 'img/image-20231009222829868.png')('20.zip', 'img/image-20231009222829868.png')('3.zip', 'img/image-20231009222829868.png')('4.zip', 'img/image-20231009222829868.png')('5.zip', 'img/image-20231009222829868.png')('6.zip', 'img/image-20231009222829868.png')('7.zip', 'img/image-20231009222829868.png')('8.zip', 'img/image-20231009222829868.png')('9.zip', 'img/image-20231009222829868.png')('py小队.zip', 'img/image-20231009222829868.png')('writeup提交模板.zip', 'img/image-20231009222829868.png')"
